{
    "0": {
        "title": "Marker 0",
        "descr": "This is description to Marker 0.",
        "lat": 8.962351935915649,
        "lng": -61.39166224747896,
        "id": 0
    },
    "1": {
        "title": "Marker 1",
        "descr": "This is description to Marker 1.",
        "lat": 61.227238895371556,
        "lng": 54.53099646605551,
        "id": 1
    },
    "2": {
        "title": "Marker 2",
        "descr": "This is description to Marker 2.",
        "lat": 56.91741126123816,
        "lng": -110.61778136529028,
        "id": 2
    },
    "3": {
        "title": "Marker 3",
        "descr": "This is description to Marker 3.",
        "lat": -77.24472783040255,
        "lng": 107.71713048219681,
        "id": 3
    },
    "4": {
        "title": "Marker 4",
        "descr": "This is description to Marker 4.",
        "lat": -86.4940105844289,
        "lng": -91.72167928889394,
        "id": 4
    },
    "5": {
        "title": "Marker 5",
        "descr": "This is description to Marker 5.",
        "lat": -66.07673104852438,
        "lng": -11.430276045575738,
        "id": 5
    },
    "6": {
        "title": "Marker 6",
        "descr": "This is description to Marker 6.",
        "lat": 32.102395948022604,
        "lng": 176.5197725314647,
        "id": 6
    },
    "7": {
        "title": "Marker 7",
        "descr": "This is description to Marker 7.",
        "lat": 43.53842663113028,
        "lng": 51.19056086987257,
        "id": 7
    },
    "8": {
        "title": "Marker 8",
        "descr": "This is description to Marker 8.",
        "lat": -49.94270243681967,
        "lng": -97.79256141744554,
        "id": 8
    },
    "9": {
        "title": "Marker 9",
        "descr": "This is description to Marker 9.",
        "lat": 74.61943516507745,
        "lng": -123.60889350995421,
        "id": 9
    },
    "10": {
        "title": "Marker 10",
        "descr": "This is description to Marker 10.",
        "lat": -85.55189493577927,
        "lng": -46.87548855319619,
        "id": 10
    },
    "11": {
        "title": "Marker 11",
        "descr": "This is description to Marker 11.",
        "lat": -6.119468039833009,
        "lng": -63.05527179501951,
        "id": 11
    },
    "12": {
        "title": "Marker 12",
        "descr": "This is description to Marker 12.",
        "lat": -11.875266507267952,
        "lng": 1.962707368656993,
        "id": 12
    },
    "13": {
        "title": "Marker 13",
        "descr": "This is description to Marker 13.",
        "lat": -66.72410436440259,
        "lng": -4.697476029396057,
        "id": 13
    },
    "14": {
        "title": "Marker 14",
        "descr": "This is description to Marker 14.",
        "lat": 36.26832688227296,
        "lng": -115.2818307839334,
        "id": 14
    },
    "15": {
        "title": "Marker 15",
        "descr": "This is description to Marker 15.",
        "lat": -74.98625017236918,
        "lng": -5.796856423839927,
        "id": 15
    },
    "16": {
        "title": "Marker 16",
        "descr": "This is description to Marker 16.",
        "lat": 63.92675595358014,
        "lng": -89.62702240794897,
        "id": 16
    },
    "17": {
        "title": "Marker 17",
        "descr": "This is description to Marker 17.",
        "lat": 4.9033897602930665,
        "lng": 23.03294545970857,
        "id": 17
    },
    "18": {
        "title": "Marker 18",
        "descr": "This is description to Marker 18.",
        "lat": -75.99201388657093,
        "lng": -93.87640683911741,
        "id": 18
    },
    "19": {
        "title": "Marker 19",
        "descr": "This is description to Marker 19.",
        "lat": -83.19966053590178,
        "lng": -76.38158722780645,
        "id": 19
    },
    "20": {
        "title": "Marker 20",
        "descr": "This is description to Marker 20.",
        "lat": 32.50833734404296,
        "lng": 112.16507658362389,
        "id": 20
    },
    "21": {
        "title": "Marker 21",
        "descr": "This is description to Marker 21.",
        "lat": -38.48747396841645,
        "lng": -110.13583668507636,
        "id": 21
    },
    "22": {
        "title": "Marker 22",
        "descr": "This is description to Marker 22.",
        "lat": -15.680531901307404,
        "lng": 30.986432963982224,
        "id": 22
    },
    "23": {
        "title": "Marker 23",
        "descr": "This is description to Marker 23.",
        "lat": -41.55122076161206,
        "lng": 10.380161376670003,
        "id": 23
    },
    "24": {
        "title": "Marker 24",
        "descr": "This is description to Marker 24.",
        "lat": -46.648971433751285,
        "lng": 8.247375218197703,
        "id": 24
    },
    "25": {
        "title": "Marker 25",
        "descr": "This is description to Marker 25.",
        "lat": -26.420901627279818,
        "lng": -132.4554556980729,
        "id": 25
    },
    "26": {
        "title": "Marker 26",
        "descr": "This is description to Marker 26.",
        "lat": 0.6426841020584106,
        "lng": -176.28665948286653,
        "id": 26
    },
    "27": {
        "title": "Marker 27",
        "descr": "This is description to Marker 27.",
        "lat": -80.4540458181873,
        "lng": -86.08441639691591,
        "id": 27
    },
    "28": {
        "title": "Marker 28",
        "descr": "This is description to Marker 28.",
        "lat": 75.71971560828388,
        "lng": 113.70564448647201,
        "id": 28
    },
    "29": {
        "title": "Marker 29",
        "descr": "This is description to Marker 29.",
        "lat": -23.36151799187064,
        "lng": 74.57052885554731,
        "id": 29
    },
    "30": {
        "title": "Marker 30",
        "descr": "This is description to Marker 30.",
        "lat": -18.75055321957916,
        "lng": 98.41263885609806,
        "id": 30
    },
    "31": {
        "title": "Marker 31",
        "descr": "This is description to Marker 31.",
        "lat": 20.468869605101645,
        "lng": 45.23179960437119,
        "id": 31
    },
    "32": {
        "title": "Marker 32",
        "descr": "This is description to Marker 32.",
        "lat": 29.427119689062238,
        "lng": 51.69883252121508,
        "id": 32
    },
    "33": {
        "title": "Marker 33",
        "descr": "This is description to Marker 33.",
        "lat": 25.169407669454813,
        "lng": 83.25656091794372,
        "id": 33
    },
    "34": {
        "title": "Marker 34",
        "descr": "This is description to Marker 34.",
        "lat": -19.177369913086295,
        "lng": 103.3356099575758,
        "id": 34
    },
    "35": {
        "title": "Marker 35",
        "descr": "This is description to Marker 35.",
        "lat": -81.3734389655292,
        "lng": 80.92828312888741,
        "id": 35
    },
    "36": {
        "title": "Marker 36",
        "descr": "This is description to Marker 36.",
        "lat": 68.44481030479074,
        "lng": 97.5233399681747,
        "id": 36
    },
    "37": {
        "title": "Marker 37",
        "descr": "This is description to Marker 37.",
        "lat": 0.4357121977955103,
        "lng": -157.31439909897745,
        "id": 37
    },
    "38": {
        "title": "Marker 38",
        "descr": "This is description to Marker 38.",
        "lat": -6.967450557276607,
        "lng": -32.999228071421385,
        "id": 38
    },
    "39": {
        "title": "Marker 39",
        "descr": "This is description to Marker 39.",
        "lat": 24.184980634599924,
        "lng": 53.987142043188214,
        "id": 39
    },
    "40": {
        "title": "Marker 40",
        "descr": "This is description to Marker 40.",
        "lat": 63.71895977295935,
        "lng": -9.736622823402286,
        "id": 40
    },
    "41": {
        "title": "Marker 41",
        "descr": "This is description to Marker 41.",
        "lat": 59.14614665787667,
        "lng": -128.52881921455264,
        "id": 41
    },
    "42": {
        "title": "Marker 42",
        "descr": "This is description to Marker 42.",
        "lat": -71.13941326271743,
        "lng": -105.77547661028802,
        "id": 42
    },
    "43": {
        "title": "Marker 43",
        "descr": "This is description to Marker 43.",
        "lat": -52.619670163840055,
        "lng": 173.8031173311174,
        "id": 43
    },
    "44": {
        "title": "Marker 44",
        "descr": "This is description to Marker 44.",
        "lat": -45.75920433271676,
        "lng": 17.312571639195085,
        "id": 44
    },
    "45": {
        "title": "Marker 45",
        "descr": "This is description to Marker 45.",
        "lat": -67.57305004633963,
        "lng": -106.76789570599794,
        "id": 45
    },
    "46": {
        "title": "Marker 46",
        "descr": "This is description to Marker 46.",
        "lat": -69.05636028852314,
        "lng": -38.22171214967966,
        "id": 46
    },
    "47": {
        "title": "Marker 47",
        "descr": "This is description to Marker 47.",
        "lat": 86.15197784733027,
        "lng": -53.67783137597144,
        "id": 47
    },
    "48": {
        "title": "Marker 48",
        "descr": "This is description to Marker 48.",
        "lat": 26.208981927484274,
        "lng": -50.08125303313136,
        "id": 48
    },
    "49": {
        "title": "Marker 49",
        "descr": "This is description to Marker 49.",
        "lat": -21.496449569240212,
        "lng": -8.68719614110887,
        "id": 49
    },
    "50": {
        "title": "Marker 50",
        "descr": "This is description to Marker 50.",
        "lat": -35.09209235664457,
        "lng": -95.40684747509658,
        "id": 50
    },
    "51": {
        "title": "Marker 51",
        "descr": "This is description to Marker 51.",
        "lat": 50.658142967149615,
        "lng": 155.88630418293178,
        "id": 51
    },
    "52": {
        "title": "Marker 52",
        "descr": "This is description to Marker 52.",
        "lat": -84.19126620981842,
        "lng": -166.2050949409604,
        "id": 52
    },
    "53": {
        "title": "Marker 53",
        "descr": "This is description to Marker 53.",
        "lat": -3.8227531034499407,
        "lng": -75.097298277542,
        "id": 53
    },
    "54": {
        "title": "Marker 54",
        "descr": "This is description to Marker 54.",
        "lat": -24.270141860470176,
        "lng": 69.64824917726219,
        "id": 54
    },
    "55": {
        "title": "Marker 55",
        "descr": "This is description to Marker 55.",
        "lat": 82.33709266874939,
        "lng": 16.601192140951753,
        "id": 55
    },
    "56": {
        "title": "Marker 56",
        "descr": "This is description to Marker 56.",
        "lat": 46.235065762884915,
        "lng": -57.618057606741786,
        "id": 56
    },
    "57": {
        "title": "Marker 57",
        "descr": "This is description to Marker 57.",
        "lat": -0.8731035003438592,
        "lng": -69.37900576740503,
        "id": 57
    },
    "58": {
        "title": "Marker 58",
        "descr": "This is description to Marker 58.",
        "lat": 18.860376770608127,
        "lng": 107.58638754487038,
        "id": 58
    },
    "59": {
        "title": "Marker 59",
        "descr": "This is description to Marker 59.",
        "lat": 50.796875869855285,
        "lng": -15.761749651283026,
        "id": 59
    },
    "60": {
        "title": "Marker 60",
        "descr": "This is description to Marker 60.",
        "lat": 84.24142854753882,
        "lng": -59.36566907912493,
        "id": 60
    },
    "61": {
        "title": "Marker 61",
        "descr": "This is description to Marker 61.",
        "lat": -48.639971455559134,
        "lng": -21.759954560548067,
        "id": 61
    },
    "62": {
        "title": "Marker 62",
        "descr": "This is description to Marker 62.",
        "lat": 28.226556438021362,
        "lng": -13.723000064492226,
        "id": 62
    },
    "63": {
        "title": "Marker 63",
        "descr": "This is description to Marker 63.",
        "lat": -57.749156607314944,
        "lng": 161.3776936288923,
        "id": 63
    },
    "64": {
        "title": "Marker 64",
        "descr": "This is description to Marker 64.",
        "lat": -48.49182152654976,
        "lng": -91.09492801129818,
        "id": 64
    },
    "65": {
        "title": "Marker 65",
        "descr": "This is description to Marker 65.",
        "lat": 10.73693884536624,
        "lng": 77.29014605283737,
        "id": 65
    },
    "66": {
        "title": "Marker 66",
        "descr": "This is description to Marker 66.",
        "lat": 41.98871784377843,
        "lng": -60.09453280828893,
        "id": 66
    },
    "67": {
        "title": "Marker 67",
        "descr": "This is description to Marker 67.",
        "lat": 24.45821445900947,
        "lng": -16.690870625898242,
        "id": 67
    },
    "68": {
        "title": "Marker 68",
        "descr": "This is description to Marker 68.",
        "lat": 9.394101714715362,
        "lng": 174.71986963413656,
        "id": 68
    },
    "69": {
        "title": "Marker 69",
        "descr": "This is description to Marker 69.",
        "lat": 26.13448197953403,
        "lng": -4.3216972053050995,
        "id": 69
    },
    "70": {
        "title": "Marker 70",
        "descr": "This is description to Marker 70.",
        "lat": 74.79874033480883,
        "lng": 169.10854470916092,
        "id": 70
    },
    "71": {
        "title": "Marker 71",
        "descr": "This is description to Marker 71.",
        "lat": 72.33237639069557,
        "lng": 63.99075807072222,
        "id": 71
    },
    "72": {
        "title": "Marker 72",
        "descr": "This is description to Marker 72.",
        "lat": -47.70980961620808,
        "lng": 130.85697412490845,
        "id": 72
    },
    "73": {
        "title": "Marker 73",
        "descr": "This is description to Marker 73.",
        "lat": -70.13048827182502,
        "lng": -107.20147546380758,
        "id": 73
    },
    "74": {
        "title": "Marker 74",
        "descr": "This is description to Marker 74.",
        "lat": 7.967982538975775,
        "lng": -153.19202589802444,
        "id": 74
    },
    "75": {
        "title": "Marker 75",
        "descr": "This is description to Marker 75.",
        "lat": -67.38512777723372,
        "lng": -73.7262988742441,
        "id": 75
    },
    "76": {
        "title": "Marker 76",
        "descr": "This is description to Marker 76.",
        "lat": -55.5286187119782,
        "lng": 53.56475321575999,
        "id": 76
    },
    "77": {
        "title": "Marker 77",
        "descr": "This is description to Marker 77.",
        "lat": -59.70309889409691,
        "lng": -31.333033377304673,
        "id": 77
    },
    "78": {
        "title": "Marker 78",
        "descr": "This is description to Marker 78.",
        "lat": -19.43159538321197,
        "lng": 75.62844162806869,
        "id": 78
    },
    "79": {
        "title": "Marker 79",
        "descr": "This is description to Marker 79.",
        "lat": 38.83928092662245,
        "lng": -70.10260348208249,
        "id": 79
    },
    "80": {
        "title": "Marker 80",
        "descr": "This is description to Marker 80.",
        "lat": 59.73167753778398,
        "lng": -107.22261127084494,
        "id": 80
    },
    "81": {
        "title": "Marker 81",
        "descr": "This is description to Marker 81.",
        "lat": 35.07092708721757,
        "lng": -154.59312555380166,
        "id": 81
    },
    "82": {
        "title": "Marker 82",
        "descr": "This is description to Marker 82.",
        "lat": -24.38778136856854,
        "lng": -67.49092030338943,
        "id": 82
    },
    "83": {
        "title": "Marker 83",
        "descr": "This is description to Marker 83.",
        "lat": 14.800735535100102,
        "lng": -158.83241649717093,
        "id": 83
    },
    "84": {
        "title": "Marker 84",
        "descr": "This is description to Marker 84.",
        "lat": 56.53901665471494,
        "lng": 27.503436282277107,
        "id": 84
    },
    "85": {
        "title": "Marker 85",
        "descr": "This is description to Marker 85.",
        "lat": 63.84846516419202,
        "lng": 159.93130814284086,
        "id": 85
    },
    "86": {
        "title": "Marker 86",
        "descr": "This is description to Marker 86.",
        "lat": -44.496983299031854,
        "lng": -175.19126979634166,
        "id": 86
    },
    "87": {
        "title": "Marker 87",
        "descr": "This is description to Marker 87.",
        "lat": 41.76201594527811,
        "lng": 65.18344849348068,
        "id": 87
    },
    "88": {
        "title": "Marker 88",
        "descr": "This is description to Marker 88.",
        "lat": 8.876298791728914,
        "lng": -0.6053326651453972,
        "id": 88
    },
    "89": {
        "title": "Marker 89",
        "descr": "This is description to Marker 89.",
        "lat": -54.98593578580767,
        "lng": -15.981143452227116,
        "id": 89
    },
    "90": {
        "title": "Marker 90",
        "descr": "This is description to Marker 90.",
        "lat": -76.96691279299557,
        "lng": 151.8570513278246,
        "id": 90
    },
    "91": {
        "title": "Marker 91",
        "descr": "This is description to Marker 91.",
        "lat": 14.636073927395046,
        "lng": 20.293955504894257,
        "id": 91
    },
    "92": {
        "title": "Marker 92",
        "descr": "This is description to Marker 92.",
        "lat": 21.841745716519654,
        "lng": 19.560176879167557,
        "id": 92
    },
    "93": {
        "title": "Marker 93",
        "descr": "This is description to Marker 93.",
        "lat": -80.23598285391927,
        "lng": -132.53988870419562,
        "id": 93
    },
    "94": {
        "title": "Marker 94",
        "descr": "This is description to Marker 94.",
        "lat": -34.32979309000075,
        "lng": -73.00429506227374,
        "id": 94
    },
    "95": {
        "title": "Marker 95",
        "descr": "This is description to Marker 95.",
        "lat": -55.35460872575641,
        "lng": 90.88481817394495,
        "id": 95
    },
    "96": {
        "title": "Marker 96",
        "descr": "This is description to Marker 96.",
        "lat": 32.22291283775121,
        "lng": 169.6169967390597,
        "id": 96
    },
    "97": {
        "title": "Marker 97",
        "descr": "This is description to Marker 97.",
        "lat": 29.847203996032476,
        "lng": -127.38654049113393,
        "id": 97
    },
    "98": {
        "title": "Marker 98",
        "descr": "This is description to Marker 98.",
        "lat": 50.781154981814325,
        "lng": 73.22819732129574,
        "id": 98
    },
    "99": {
        "title": "Marker 99",
        "descr": "This is description to Marker 99.",
        "lat": -13.831966063007712,
        "lng": 5.09568658657372,
        "id": 99
    }
}